{"cameraMode":{"drawMode":0,"name":"Shaded","section":"Shading Mode"},"sceneLighting":true,"audioPlay":false,"sceneViewState":{"showFog":true,"showMaterialUpdate":false,"showSkybox":true,"showFlares":true,"showImageEffects":true,"showParticleSystems":true},"in2DMode":false,"pivot":{"x":360.0951843261719,"y":98.99853515625,"z":-301.8783264160156},"rotation":{"x":-0.1548665314912796,"y":0.5186137557029724,"z":-0.09614632278680802,"w":-0.8353514075279236},"size":93.6802749633789,"orthographic":false}