{"cameraMode":{"drawMode":0,"name":"Shaded","section":"Shading Mode"},"sceneLighting":true,"audioPlay":false,"sceneViewState":{"showFog":true,"showMaterialUpdate":false,"showSkybox":true,"showFlares":true,"showImageEffects":true,"showParticleSystems":true},"in2DMode":false,"pivot":{"x":-704.62353515625,"y":-53.1622314453125,"z":18.58447265625},"rotation":{"x":-0.10586916655302048,"y":0.8596440553665161,"z":-0.19838915765285493,"w":-0.45874378085136416},"size":2401.983154296875,"orthographic":false}