{"cameraMode":{"drawMode":0,"name":"Shaded","section":"Shading Mode"},"sceneLighting":true,"audioPlay":false,"sceneViewState":{"showFog":false,"showMaterialUpdate":false,"showSkybox":false,"showFlares":false,"showImageEffects":false,"showParticleSystems":true},"in2DMode":false,"pivot":{"x":351.64599609375,"y":103.23342895507813,"z":-321.29217529296877},"rotation":{"x":-0.10160994529724121,"y":0.6300784945487976,"z":-0.08365701884031296,"w":-0.7652961015701294},"size":943.469970703125,"orthographic":false}