{"cameraMode":{"drawMode":0,"name":"Shaded","section":"Shading Mode"},"sceneLighting":false,"audioPlay":false,"sceneViewState":{"showFog":false,"showMaterialUpdate":false,"showSkybox":false,"showFlares":false,"showImageEffects":false,"showParticleSystems":true},"in2DMode":false,"pivot":{"x":-604.7608642578125,"y":-284.8743896484375,"z":-1.3032691478729249},"rotation":{"x":-0.16530872881412507,"y":0.7449492812156677,"z":-0.2004154473543167,"w":-0.614456832408905},"size":7.012645244598389,"orthographic":false}