{"cameraMode":{"drawMode":0,"name":"Shaded","section":"Shading Mode"},"sceneLighting":true,"audioPlay":false,"sceneViewState":{"showFog":false,"showMaterialUpdate":false,"showSkybox":false,"showFlares":false,"showImageEffects":false,"showParticleSystems":true},"in2DMode":false,"pivot":{"x":494.03240966796877,"y":113.10536193847656,"z":94.85546875},"rotation":{"x":0.1403086632490158,"y":-0.21702072024345399,"z":0.03153735026717186,"w":0.9655159115791321},"size":566.6015625,"orthographic":false}