{"cameraMode":{"drawMode":0,"name":"Shaded","section":"Shading Mode"},"sceneLighting":false,"audioPlay":false,"sceneViewState":{"showFog":false,"showMaterialUpdate":false,"showSkybox":false,"showFlares":false,"showImageEffects":false,"showParticleSystems":true},"in2DMode":false,"pivot":{"x":-605.2371215820313,"y":-284.87884521484377,"z":1.1692724227905274},"rotation":{"x":-0.16530872881412507,"y":0.7449492812156677,"z":-0.2004154473543167,"w":-0.614456832408905},"size":17.64078140258789,"orthographic":false}